dabcba96-6149-4d93-ae1b-8df6ddcfb2a9\apks\android.apk,c0f24b845e1248e3907df251051b8d5d9005f5054675ef3c20de601c8305953e
dabcba96-6149-4d93-ae1b-8df6ddcfb2a9\apks\android.auto_generated_rro_product__.apk,93df3399a080f64d4813f15003ebe034e174c54fa0b792264fddd886ba800b49
dabcba96-6149-4d93-ae1b-8df6ddcfb2a9\apks\com.android.backupconfirm.apk,4a32acb17ad6461f4733949234988586884772160293ae0a4be4a870f833c54e
dabcba96-6149-4d93-ae1b-8df6ddcfb2a9\apks\com.android.bips.apk,49053ec8c5a4ed60b8dc9c49a83d20b4b219e8721f87e49e07b6fa4b7b23c552
dabcba96-6149-4d93-ae1b-8df6ddcfb2a9\apks\com.android.bips.auto_generated_rro_product__.apk,c823cc09f9e9f1bebccdf85ea7ccb2cd8f8453ecedbc3d7f6b9e8be7eb460761
dabcba96-6149-4d93-ae1b-8df6ddcfb2a9\apks\com.android.bluetooth.apk,04b4f925a4ec1e959aca4e00089e053956169ba4ccdc3b84db3c18800f5a3b70
dabcba96-6149-4d93-ae1b-8df6ddcfb2a9\apks\com.android.bluetoothmidiservice.apk,d70a096561e8f184f7ad26cf2988e63ee6721e7e0136800d49694e87a02f5fbd
dabcba96-6149-4d93-ae1b-8df6ddcfb2a9\apks\com.android.bookmarkprovider.apk,67483d998e4a0ac3fd93a853e5a0efedf14a9d74331dd0ec1b4eb2a3e998da3c
dabcba96-6149-4d93-ae1b-8df6ddcfb2a9\apks\com.android.calllogbackup.apk,c8f9056d9fd9768c1627667c507bcbdb8520ed0acb3ab5bab8a2460de134459a
dabcba96-6149-4d93-ae1b-8df6ddcfb2a9\apks\com.android.camera2.apk,a363356bb55c328c10e22d44305eb9cba93eae6b86a0b1e8bebaaaf5c77ee7f9
dabcba96-6149-4d93-ae1b-8df6ddcfb2a9\apks\com.android.cameraextensions.apk,0c49bff795e9b52179c5e8f6acd057e70b5e323cef02005905c3a0e33ff14be9
dabcba96-6149-4d93-ae1b-8df6ddcfb2a9\apks\com.android.carrierconfig.apk,6c6d2d7bcfb02ff6de5c6f8f5d8c5e7ae336804625797664c5d6b1cf4279ad94
dabcba96-6149-4d93-ae1b-8df6ddcfb2a9\apks\com.android.carrierconfig.auto_generated_rro_product__.apk,bb06cdb8e0f9c3098466da7174fbf0cdb840e434242c68c9f4619dd5d7533069
dabcba96-6149-4d93-ae1b-8df6ddcfb2a9\apks\com.android.carrierdefaultapp.apk,141a4428a3e98e9ca51c86c2d3deffafea778c11c64c613b2a30955d3d362bdb
dabcba96-6149-4d93-ae1b-8df6ddcfb2a9\apks\com.android.cellbroadcastreceiver.apk,f6d50e94a653532fbad83894313c4c2839fb60fa9f9343d1b730745cdde6f7f6
dabcba96-6149-4d93-ae1b-8df6ddcfb2a9\apks\com.android.certinstaller.apk,b6cdec9e596c2f8b7745872848b35c889fea908cc5b5f45ca8cb699451098a48
dabcba96-6149-4d93-ae1b-8df6ddcfb2a9\apks\com.android.chrome_com.android.chrome-FvPv7TImtIZzZhbxp6JrQQ.apk,85b266dedefc86cd8bf92a6d5d70816474db10579055681ea4f83f34e1e949cb
dabcba96-6149-4d93-ae1b-8df6ddcfb2a9\apks\com.android.companiondevicemanager.apk,20c5b8fe9e238f17194631059631bbc55c5c0a9a490032f2eb501fb53a1c4839
dabcba96-6149-4d93-ae1b-8df6ddcfb2a9\apks\com.android.cts.ctsshim.apk,5d9d180b7700d0713958782a06d4b1eec15856270a06af31941492e936fdf5cd
dabcba96-6149-4d93-ae1b-8df6ddcfb2a9\apks\com.android.cts.priv.ctsshim.apk,c4aa9bb5c305fef1cfb41585d57d0a4d064f1e8e97dc0e27dbfb10acef33c22a
dabcba96-6149-4d93-ae1b-8df6ddcfb2a9\apks\com.android.dreams.basic.apk,f5895cf309a46445cbda8d3930c993ca5fd0d06428cef769ff397635a780488d
dabcba96-6149-4d93-ae1b-8df6ddcfb2a9\apks\com.android.dynsystem.apk,8fa3976bd47ca1822a296caad071b5a7397c99f7fdfb08db7ec357b76afd1cd9
dabcba96-6149-4d93-ae1b-8df6ddcfb2a9\apks\com.android.egg.apk,92e21c4c98fabaf2d43d3b09c9fd2c2ac32e397ce5fd3bf2fc16ff924394c97c
dabcba96-6149-4d93-ae1b-8df6ddcfb2a9\apks\com.android.emergency.apk,23c6a02c6b1632e71333072b6d78b9a222fe3ca268ba960cde987baad05870d3
dabcba96-6149-4d93-ae1b-8df6ddcfb2a9\apks\com.android.emergency.auto_generated_rro_product__.apk,24f36e2644046131405b4118bca694b9461788f91552c16a8299bece2bb43d3b
dabcba96-6149-4d93-ae1b-8df6ddcfb2a9\apks\com.android.emulator.multidisplay.apk,afcb3aac1d12ba758e826fd428276263eeebdabe104742ba35541abf8756edc7
dabcba96-6149-4d93-ae1b-8df6ddcfb2a9\apks\com.android.emulator.radio.config.apk,ba83c0f9ba6e16402c347d6f519247a2a2c4be349c082f0a54ffed965cfad555
dabcba96-6149-4d93-ae1b-8df6ddcfb2a9\apks\com.android.externalstorage.apk,9ac5510ce9449097c68a10028be913966416eafcd1e82a064e544f7c516eef85
dabcba96-6149-4d93-ae1b-8df6ddcfb2a9\apks\com.android.htmlviewer.apk,fac73c704627e1f881c048a0c92e1f0e2f960e90a8fc1f66ee8641d7ccb223af
dabcba96-6149-4d93-ae1b-8df6ddcfb2a9\apks\com.android.imsserviceentitlement.apk,e7137adbe6787eb9675151b37eeaa80a432b38692815b7715b3b8125879cce0c
dabcba96-6149-4d93-ae1b-8df6ddcfb2a9\apks\com.android.inputdevices.apk,6362ea747278b32ab058b88535664b34120926b541f6bf9f1aa51d9c66964d8c
dabcba96-6149-4d93-ae1b-8df6ddcfb2a9\apks\com.android.intentresolver.apk,f6028bd393f130108a64f5ca1b123c242bc0cb282c3ccb0a9b5336f843ddc03e
dabcba96-6149-4d93-ae1b-8df6ddcfb2a9\apks\com.android.internal.display.cutout.emulation.corner.apk,31e954f3953e1edc7d38a53e369242e18d9add2a9ed51e6e4b42ec2c911ce5be
dabcba96-6149-4d93-ae1b-8df6ddcfb2a9\apks\com.android.internal.display.cutout.emulation.double.apk,9f5ef27513ab1c58fafb53f48fb67ad06182b4c206e95c018e06becc46c4fe81
dabcba96-6149-4d93-ae1b-8df6ddcfb2a9\apks\com.android.internal.display.cutout.emulation.emu01.apk,2530629d253891c6522a07a294fe82a03dfb41db266ce97f42c30e3d57be822c
dabcba96-6149-4d93-ae1b-8df6ddcfb2a9\apks\com.android.internal.display.cutout.emulation.hole.apk,f394f7a3cdc4fa64b3a66587eeaac97d841df116957233bf4a3226eeb8fc715d
dabcba96-6149-4d93-ae1b-8df6ddcfb2a9\apks\com.android.internal.display.cutout.emulation.tall.apk,f261d1475fc8731da292777e00224d2e8447b1e8fe8eb4e58ad3d550ff2124b7
dabcba96-6149-4d93-ae1b-8df6ddcfb2a9\apks\com.android.internal.display.cutout.emulation.waterfall.apk,afce77f64e2fdecf7c70899ae4c11b6c9d151e955a27fa8ac40e2e6194064ef5
dabcba96-6149-4d93-ae1b-8df6ddcfb2a9\apks\com.android.internal.emulation.pixel_2_xl.apk,d44eb6879cc4e3796972cd2fe03adf291e7bd5678f61c025d1d1af8d1fd3b6ed
dabcba96-6149-4d93-ae1b-8df6ddcfb2a9\apks\com.android.internal.emulation.pixel_3.apk,18052ecf3d782522d35caab39ee8c1afc9b031e9944569a6fa87912376bb6f38
dabcba96-6149-4d93-ae1b-8df6ddcfb2a9\apks\com.android.internal.emulation.pixel_3_xl.apk,7bb353321ef30ab6c070e4684d5228a0a653ebee80b95be9a2a34dd64862f0b3
dabcba96-6149-4d93-ae1b-8df6ddcfb2a9\apks\com.android.internal.emulation.pixel_3a.apk,d6957fec8fe058be137c9acf9ea3b19da3a62cd963c1d974d27bfadd46d48ca7
dabcba96-6149-4d93-ae1b-8df6ddcfb2a9\apks\com.android.internal.emulation.pixel_3a_xl.apk,1e236b6ddaf29d5326766359218b9e26593469d1dc7cc11cfb701db2dfe599d0
dabcba96-6149-4d93-ae1b-8df6ddcfb2a9\apks\com.android.internal.emulation.pixel_4.apk,11180d9165410fca15264df4222617a72078c3778a1f9a051d4dc237248e9e1c
dabcba96-6149-4d93-ae1b-8df6ddcfb2a9\apks\com.android.internal.emulation.pixel_4_xl.apk,0baff802dc0573ec0c086f3fd6428345667b6b3afe4c28938c95d7c418ac246e
dabcba96-6149-4d93-ae1b-8df6ddcfb2a9\apks\com.android.internal.emulation.pixel_4a.apk,f106da6b92930752819a5ea56a78ccec6cc98eb659e001cc0504b76ed8cc75a3
dabcba96-6149-4d93-ae1b-8df6ddcfb2a9\apks\com.android.internal.emulation.pixel_5.apk,ae75a4a4f28496bf9934b35f18a9f658df8bd7a908fc15c60df94126e32c14d8
dabcba96-6149-4d93-ae1b-8df6ddcfb2a9\apks\com.android.internal.emulation.pixel_6.apk,4a02974f8e1c6ceb2812338ea793131d09b4ae3829174db745cfce02e6bb1abe
dabcba96-6149-4d93-ae1b-8df6ddcfb2a9\apks\com.android.internal.emulation.pixel_6_pro.apk,298492e926d1b1dcd439e2c9a97b933e23803ced49453e84cc3d5b87c027ac8e
dabcba96-6149-4d93-ae1b-8df6ddcfb2a9\apks\com.android.internal.emulation.pixel_6a.apk,6a4a55cc66e29e598be2544ed7ef602e5e2bc3ae155fbdcd7ef6e1802bec5c3a
dabcba96-6149-4d93-ae1b-8df6ddcfb2a9\apks\com.android.internal.emulation.pixel_7.apk,cc118e5b97b0fdc0fab211896beb2a25ee402f821151c5952ded69bb22a8ef8b
dabcba96-6149-4d93-ae1b-8df6ddcfb2a9\apks\com.android.internal.emulation.pixel_7_pro.apk,8d9bcfe23b9f9e517e0d50106f93b5f32b4f598ec319d3afb6549bd143e3b413
dabcba96-6149-4d93-ae1b-8df6ddcfb2a9\apks\com.android.internal.systemui.navbar.gestural.apk,b41d84e9e88dac9356e11c86ab70a8b47083a6b3854158f91ec28f1e6bf4c307
dabcba96-6149-4d93-ae1b-8df6ddcfb2a9\apks\com.android.internal.systemui.navbar.gestural_extra_wide_back.apk,6cf2d8327a3041178fde17fb5dadf668ef414a87b576c768cd7dd435014961b1
dabcba96-6149-4d93-ae1b-8df6ddcfb2a9\apks\com.android.internal.systemui.navbar.gestural_narrow_back.apk,0aa3a4893f9bb23758a518c79849cd675b1651e769c0c1df3b28a7d971879622
dabcba96-6149-4d93-ae1b-8df6ddcfb2a9\apks\com.android.internal.systemui.navbar.gestural_wide_back.apk,0546c3892e36a8739ac7653d87704065a2757ae7bbec2036150412a72e402249
dabcba96-6149-4d93-ae1b-8df6ddcfb2a9\apks\com.android.internal.systemui.navbar.threebutton.apk,0ee0894334a913c429bee97168ce9027d511e5cca7a57476951576d05baf60c4
dabcba96-6149-4d93-ae1b-8df6ddcfb2a9\apks\com.android.internal.systemui.navbar.twobutton.apk,283013884ea970db6cc982cee7c428b12544229bf5ccddb9c87c2fd67ad282e1
dabcba96-6149-4d93-ae1b-8df6ddcfb2a9\apks\com.android.keychain.apk,2fa9e1ef114687c7967213c9f57dbfb3cc80dd0493ffa0cd8974169b2f3d44f0
dabcba96-6149-4d93-ae1b-8df6ddcfb2a9\apks\com.android.localtransport.apk,43b9e99bc866e592f9210811e014d29b3a7d6040efe71d70db85a8199a847c0e
dabcba96-6149-4d93-ae1b-8df6ddcfb2a9\apks\com.android.location.fused.apk,c0c0b2ed51944a0efd15e470cc9bfcf023a7cc95782fdd2c112aca74ea5c0e0b
dabcba96-6149-4d93-ae1b-8df6ddcfb2a9\apks\com.android.managedprovisioning.apk,445f4bdd42deffd9c6262b61e714287beb4e1d975349ab405baf2472a226a008
dabcba96-6149-4d93-ae1b-8df6ddcfb2a9\apks\com.android.managedprovisioning.auto_generated_rro_product__.apk,e0ebf2cc9a39bd18cec06ad7e5e3aa4d6cddecd4e13e98c0b27a386bea1f46fc
dabcba96-6149-4d93-ae1b-8df6ddcfb2a9\apks\com.android.mms.service.apk,275091f46956d819e5555729d82942f689b746b5e04655f2be2fb2271608aa96
dabcba96-6149-4d93-ae1b-8df6ddcfb2a9\apks\com.android.mtp.apk,c2a9ccd07114d76b015b15d3907d6adf880a1fe5848dbf1a8a0c8f1d16ec8d92
dabcba96-6149-4d93-ae1b-8df6ddcfb2a9\apks\com.android.musicfx.apk,fd39bd52dec7546edcc20ac72a3b6cd0b1916be5901310a5d2d2d1b2f3fb9921
dabcba96-6149-4d93-ae1b-8df6ddcfb2a9\apks\com.android.nfc.apk,75112922201e57500f3006cafbd66ece8c4ab6fc9e009164648b0f561e62340e
dabcba96-6149-4d93-ae1b-8df6ddcfb2a9\apks\com.android.nfc.auto_generated_rro_product__.apk,0efe1bee49492bed4989d0c7e37414005ae898fec4081b8b3b9c04e963f1fc26
dabcba96-6149-4d93-ae1b-8df6ddcfb2a9\apks\com.android.ons.apk,35b5b55a4328bb0cd08b8d104f1b7277794ed4d74d98bcc8e6e3734240b4dd3e
dabcba96-6149-4d93-ae1b-8df6ddcfb2a9\apks\com.android.pacprocessor.apk,e08ae2c76b6625418553568ba247e172a63c502dc25a1cbcbb3c2c98550c3cfd
dabcba96-6149-4d93-ae1b-8df6ddcfb2a9\apks\com.android.phone.apk,427a3d41d0b1a4295c004158032210ca938dadfdd5dd995c462564804b1c748a
dabcba96-6149-4d93-ae1b-8df6ddcfb2a9\apks\com.android.phone.auto_generated_rro_product__.apk,71a69a9cf07f5c00bfcc50def80bf544ff4f49825287a36460e26dd5c18a7f66
dabcba96-6149-4d93-ae1b-8df6ddcfb2a9\apks\com.android.printspooler.apk,795265037df7a09c74ae6e96fee7dc3db14beeabc07853341c16d6118806c2a5
dabcba96-6149-4d93-ae1b-8df6ddcfb2a9\apks\com.android.providers.blockednumber.apk,6f214476f2bb03cba5f24e87409f85e1a8c12f1ef794dd232b5fb75fce756805
dabcba96-6149-4d93-ae1b-8df6ddcfb2a9\apks\com.android.providers.calendar.apk,4e3b5533aa6a92a2c5261f3e8755e3c7ade36bd655c75ded90e04aa476f49ae2
dabcba96-6149-4d93-ae1b-8df6ddcfb2a9\apks\com.android.providers.contacts.apk,80e45276be915427f63cf0ba358b55c0a71f7e79c2b9a172c0210b4300a2487b
dabcba96-6149-4d93-ae1b-8df6ddcfb2a9\apks\com.android.providers.contacts.auto_generated_rro_product__.apk,f6f003dc3546a4355d4a895e0cdbfd367268aaed52ffb8b482d99a7b1c6a8971
dabcba96-6149-4d93-ae1b-8df6ddcfb2a9\apks\com.android.providers.downloads.apk,ecdd171e347dc9c74b57608c4f50451bcd19f9b826ab56998d226806b62eb5d8
dabcba96-6149-4d93-ae1b-8df6ddcfb2a9\apks\com.android.providers.downloads.ui.apk,6d94349a8104a1bf56f88a770cc6c0a9b77b459ea29edebf128c943301b6ee93
dabcba96-6149-4d93-ae1b-8df6ddcfb2a9\apks\com.android.providers.media.apk,8f4deb14f2a3e32afc3d23bb4982c48e772c7363e53c0344fe358f3e592e79d3
dabcba96-6149-4d93-ae1b-8df6ddcfb2a9\apks\com.android.providers.partnerbookmarks.apk,93bb11cd4bbb00474976dbb91b50a418e5a29baf10e101a731161fc54b9eb8a8
dabcba96-6149-4d93-ae1b-8df6ddcfb2a9\apks\com.android.providers.settings.apk,a96ce0d5882205f893e6ec793d392aaeb9fb91faa542c459153703593043ee57
dabcba96-6149-4d93-ae1b-8df6ddcfb2a9\apks\com.android.providers.settings.auto_generated_rro_product__.apk,01289fca8cd1c6fa3bb9393bb9532f9b4d34516906cb1f0808ad3721e0255ea2
dabcba96-6149-4d93-ae1b-8df6ddcfb2a9\apks\com.android.providers.telephony.apk,2549224389a1f402926fe8ee91d2a8fad2fd038a360d6302ac51c6a8b2bbd210
dabcba96-6149-4d93-ae1b-8df6ddcfb2a9\apks\com.android.providers.telephony.auto_generated_rro_product__.apk,73357b243b40bfa82b188924fd10a48f091fe4b4ffd8e0625c1255728d1812df
dabcba96-6149-4d93-ae1b-8df6ddcfb2a9\apks\com.android.providers.userdictionary.apk,8b7d01e0386992c449aed394f397b8860f8acfee92a7113d313a30e644b76c47
dabcba96-6149-4d93-ae1b-8df6ddcfb2a9\apks\com.android.proxyhandler.apk,84e42e8ab7f8025563f19e6f08136c6fbfc29c8a96812e37ad01ef774197a826
dabcba96-6149-4d93-ae1b-8df6ddcfb2a9\apks\com.android.remoteprovisioner.apk,f81040cbf0fba7837d43a4b3d6c93d50295a59f51e862b12da3f964c535c00f2
dabcba96-6149-4d93-ae1b-8df6ddcfb2a9\apks\com.android.se.apk,87ae3b5d092cbc1ea09ae7249c1b31b8fcb52e55cd0ce961c3ecdf14d11e5b47
dabcba96-6149-4d93-ae1b-8df6ddcfb2a9\apks\com.android.server.telecom.apk,532e6e6fac72180a6b882b84185ceaba4f96b655eecf34f00523f9132c3f5f4b
dabcba96-6149-4d93-ae1b-8df6ddcfb2a9\apks\com.android.server.telecom.auto_generated_rro_product__.apk,e885b5f48595f9827e3bf3ad4ca90801e4817bc14179a1fc571cb7e01f36dea4
dabcba96-6149-4d93-ae1b-8df6ddcfb2a9\apks\com.android.settings.apk,7cff00648809ac3b3c7f20fa1a710c8b4a33455ca0f7ae2f45e19e721f9251f4
dabcba96-6149-4d93-ae1b-8df6ddcfb2a9\apks\com.android.settings.auto_generated_rro_product__.apk,a03c30f320b33961598c85b0b15e209cee34eb1301f804dfde70d8804132bb21
dabcba96-6149-4d93-ae1b-8df6ddcfb2a9\apks\com.android.sharedstoragebackup.apk,7f732ce2ec606fabbd819f31fb0a11be7c3aceefdceb07eb926560b5a50297e6
dabcba96-6149-4d93-ae1b-8df6ddcfb2a9\apks\com.android.shell.apk,cb92ee401b298e7a818d164ea1c226b36bec6b97270c7d1a55ca6a13c8e454c4
dabcba96-6149-4d93-ae1b-8df6ddcfb2a9\apks\com.android.simappdialog.apk,c8d31de08cb116335e22413931443bd4958badc058b4595f6c44da57dd951869
dabcba96-6149-4d93-ae1b-8df6ddcfb2a9\apks\com.android.simappdialog.auto_generated_rro_product__.apk,1c694bf86ef3719a03f15458c0257c3c20015c11361136fec3f961c1c5a6313e
dabcba96-6149-4d93-ae1b-8df6ddcfb2a9\apks\com.android.soundpicker.apk,dd4dbd3f9eda9651f712c3020582002c25dcbefcb540503ba40827554aadd12e
dabcba96-6149-4d93-ae1b-8df6ddcfb2a9\apks\com.android.stk.apk,815faba07e6732ea5ed9027e87e8d769d11c5e1727073bfc3e54a681320c051e
dabcba96-6149-4d93-ae1b-8df6ddcfb2a9\apks\com.android.storagemanager.apk,592eeb3c58a59335c04248472c5c71df87cc113d4065ba521fa55a00a5377da2
dabcba96-6149-4d93-ae1b-8df6ddcfb2a9\apks\com.android.storagemanager.auto_generated_rro_product__.apk,43f7e4dc4e0cc479ce82bb733407ea78931a13c353d2b7e6a9b8d25b8b0fdb06
dabcba96-6149-4d93-ae1b-8df6ddcfb2a9\apks\com.android.systemui.apk,2cc059f46cf34a2ed04af2878eae5400ad4aaa94300b41353a3b19eaf33cd2e4
dabcba96-6149-4d93-ae1b-8df6ddcfb2a9\apks\com.android.systemui.auto_generated_rro_product__.apk,bad4f455b129fa4e8d0b1a69024996318e9e1af0bb86926431b994a9d2b5c1b4
dabcba96-6149-4d93-ae1b-8df6ddcfb2a9\apks\com.android.systemui.emulation.pixel_3.apk,01d704f4c3b1315674c1966a7b5a5844f2da6e62b4dc47aa4656557f0e7bc2cb
dabcba96-6149-4d93-ae1b-8df6ddcfb2a9\apks\com.android.systemui.emulation.pixel_3_xl.apk,c5934c5e952b1f760571acb134bd050e7e3acab1bbd94d624bbd8e371a4ec6ac
dabcba96-6149-4d93-ae1b-8df6ddcfb2a9\apks\com.android.systemui.emulation.pixel_3a.apk,002044321df1af689df9f786b10a408bfb0ccbdbd5665f598a7570ced834103f
dabcba96-6149-4d93-ae1b-8df6ddcfb2a9\apks\com.android.systemui.emulation.pixel_3a_xl.apk,8aaa5fcd8a84171cb724de6dd908ab694facff91c52297f604825e92c0cab6b7
dabcba96-6149-4d93-ae1b-8df6ddcfb2a9\apks\com.android.systemui.emulation.pixel_4.apk,6dbbb5da8c224d132807891dc4258571bbbdb902e2fcb28d5cb2d6704ebd49da
dabcba96-6149-4d93-ae1b-8df6ddcfb2a9\apks\com.android.systemui.emulation.pixel_4_xl.apk,83b053e1ef35bb54bb59cc011712e4fc55deeb97e6a9bc8805e8210d775125d3
dabcba96-6149-4d93-ae1b-8df6ddcfb2a9\apks\com.android.systemui.emulation.pixel_4a.apk,9720a4a0bb17c5815631c5c730140d7d8fcde37df93226228d17782574da5ed4
dabcba96-6149-4d93-ae1b-8df6ddcfb2a9\apks\com.android.systemui.emulation.pixel_5.apk,efc66b2cc0e2d5045574d3fd5ae940bba20f9064e79b6678410b49480e5ad282
dabcba96-6149-4d93-ae1b-8df6ddcfb2a9\apks\com.android.systemui.emulation.pixel_6.apk,d3cc711a371951a61f873ffc899d4cdd734378cf59c4d7ba6d15154994e7369c
dabcba96-6149-4d93-ae1b-8df6ddcfb2a9\apks\com.android.systemui.emulation.pixel_6_pro.apk,45dea8a270c3e42d1916482a64e709824bf03459d580e9940b49411468370141
dabcba96-6149-4d93-ae1b-8df6ddcfb2a9\apks\com.android.systemui.emulation.pixel_6a.apk,283f234c4299c52d6cb79864a5e972aca7ad13db050a2301262d0f6b6c539bea
dabcba96-6149-4d93-ae1b-8df6ddcfb2a9\apks\com.android.systemui.emulation.pixel_7.apk,1b5ef271a0ddd4613baf004b5d6fadb13597a2255ee800021c8658d27a554534
dabcba96-6149-4d93-ae1b-8df6ddcfb2a9\apks\com.android.systemui.emulation.pixel_7_pro.apk,1e11ffd9f5f3c3620a8d2086691bb0aba0d4c48dd76e86410a61a7db0192a0f8
dabcba96-6149-4d93-ae1b-8df6ddcfb2a9\apks\com.android.systemui.plugin.globalactions.wallet.apk,960cdee1515771ec9588a37df92d4c6e217944318d5345fc097bfe063eddbfb2
dabcba96-6149-4d93-ae1b-8df6ddcfb2a9\apks\com.android.theme.font.notoserifsource.apk,af869b4715850e7b65eb1834d5dec97d93fcb6209576644e92f5cdff1156def4
dabcba96-6149-4d93-ae1b-8df6ddcfb2a9\apks\com.android.traceur.apk,fc02f59549202dd7e96fa4a7cbb9ebd5a774f5b8820f0361fbe90f5279e53fcc
dabcba96-6149-4d93-ae1b-8df6ddcfb2a9\apks\com.android.traceur.auto_generated_rro_product__.apk,14f8ce4f8c1a9ead8f18b9e80b880879f9910065a3809cc77e3ddd6e2034e668
dabcba96-6149-4d93-ae1b-8df6ddcfb2a9\apks\com.android.vending.apk,840fbcc72ade27a4f851b0056a129d66a112ff3e4d67ec8784575c823b1ceb8b
dabcba96-6149-4d93-ae1b-8df6ddcfb2a9\apks\com.android.vpndialogs.apk,61d82c25aeb354a217b08aea70826e8bdaf6e0b1e0e07d5880ffc2458afbc9eb
dabcba96-6149-4d93-ae1b-8df6ddcfb2a9\apks\com.android.wallpaper.livepicker.apk,b00305ab9d0d4b65612592a6495569af6cbbc54bf92048a317db52f78f6cb9f0
dabcba96-6149-4d93-ae1b-8df6ddcfb2a9\apks\com.android.wallpaperbackup.apk,5c3bb797900c0adcd18ebf3338323d1201278e181f6215f92ca85d784ec13aff
dabcba96-6149-4d93-ae1b-8df6ddcfb2a9\apks\com.android.wallpapercropper.apk,9c147e10ac8efbaf5884976d8b761811d199434104383ae8927a6512522a520a
dabcba96-6149-4d93-ae1b-8df6ddcfb2a9\apks\com.breel.wallpapers18.apk,921f6d9dde56eccfd5b7ba62046516d818ca33bc0646ddda5bec76defae43dab
dabcba96-6149-4d93-ae1b-8df6ddcfb2a9\apks\com.google.android.adservices.api.apk,d4e101229917f241b4413f9e92830067508604f4b67e5d9e5d982399efc5be04
dabcba96-6149-4d93-ae1b-8df6ddcfb2a9\apks\com.google.android.apps.customization.pixel.apk,92c12147313bb760a8ae88a6bd879fdaa3cf1fa364239ca1388127be4e00793d
dabcba96-6149-4d93-ae1b-8df6ddcfb2a9\apks\com.google.android.apps.docs.apk,1fe171f6d0764a8589b36e80cfc95dad1207acccd6e327289d3a1f532f579081
dabcba96-6149-4d93-ae1b-8df6ddcfb2a9\apks\com.google.android.apps.maps.apk,74ede260a22cb7e4eea1f31eabf933fb041b03cd9812d6105bfda08d10bfd87a
dabcba96-6149-4d93-ae1b-8df6ddcfb2a9\apks\com.google.android.apps.messaging.apk,9363aad7f1cf68d640b872eca208add11e636b6c6747c0b947e7e84ab2bddd6f
dabcba96-6149-4d93-ae1b-8df6ddcfb2a9\apks\com.google.android.apps.nexuslauncher.apk,da83cf115b63f6be77563ad68d8b47deb278dbec3205395fb4378ed938eefc89
dabcba96-6149-4d93-ae1b-8df6ddcfb2a9\apks\com.google.android.apps.photos.apk,a847bf875fe1d24acf299258428c52bbe25352ba08fde2b0e8e051710b8a7e7d
dabcba96-6149-4d93-ae1b-8df6ddcfb2a9\apks\com.google.android.apps.restore.apk,2c9272636ab224256a331845494e98d59731f79ee8e86b91cd1ac2a763f05cec
dabcba96-6149-4d93-ae1b-8df6ddcfb2a9\apks\com.google.android.apps.wallpaper.apk,243b9e1958dfece98cd56333421d1d69dabedb3986fd06f3b6deb141d38d0a38
dabcba96-6149-4d93-ae1b-8df6ddcfb2a9\apks\com.google.android.apps.wallpaper.nexus.apk,091f5cf59ae6e016e4bd774d70c5c525b065439676bf4164bd3d27070a6d4b3a
dabcba96-6149-4d93-ae1b-8df6ddcfb2a9\apks\com.google.android.apps.wellbeing.apk,3d7440eb08b8bae4adef2176a442dc8ee57c8a4fbe8cf16acab5bd4f738672a5
dabcba96-6149-4d93-ae1b-8df6ddcfb2a9\apks\com.google.android.apps.youtube.music.apk,3391208f2e16797bdc2c382a5605881cf25c093ce7820cab05b760e9e1259a00
dabcba96-6149-4d93-ae1b-8df6ddcfb2a9\apks\com.google.android.as.apk,fbd6269d5c16096fe4e5e918e4731b800abf5ae70109750adf5275e1fd932d4d
dabcba96-6149-4d93-ae1b-8df6ddcfb2a9\apks\com.google.android.as.oss.apk,75ed9801aef47a5d01b5d5e9b17f9e6902947a8dcabd9f54c407d9cc9ef93746
dabcba96-6149-4d93-ae1b-8df6ddcfb2a9\apks\com.google.android.bluetooth.apk,10df2523c877093c847b3f03535aec0d097c313973b784e3cf0e5e0b926582b8
dabcba96-6149-4d93-ae1b-8df6ddcfb2a9\apks\com.google.android.calendar.apk,f24dcd90b570aea3be5881a17403b55bd02bee1f920716050fe39bff65738402
dabcba96-6149-4d93-ae1b-8df6ddcfb2a9\apks\com.google.android.captiveportallogin.apk,241cf08bc4d063f2085d24a938569ea954223b1f36c00b382f684009b204a853
dabcba96-6149-4d93-ae1b-8df6ddcfb2a9\apks\com.google.android.cellbroadcastreceiver.apk,d511dd03e5379ec1647204760423bcaa6aa90ac8be39962f1fb5a53eddc80fe4
dabcba96-6149-4d93-ae1b-8df6ddcfb2a9\apks\com.google.android.cellbroadcastservice.apk,2d1acc14215f670c0835233eef8cae97089179bb63dc4e77e0b462e642ecdb85
dabcba96-6149-4d93-ae1b-8df6ddcfb2a9\apks\com.google.android.configupdater.apk,33403e2dddce673d73982876074c56baca1be3f2c542dc0e691b5ccbd9c1f426
dabcba96-6149-4d93-ae1b-8df6ddcfb2a9\apks\com.google.android.connectivity.resources.apk,ab22aea9228e5107b2827d8caa9953a832d86f885215fcdd46624ed3ff7a77c5
dabcba96-6149-4d93-ae1b-8df6ddcfb2a9\apks\com.google.android.contacts.apk,9d6099c900065c45aba54974096611656529746a2f7aea7a5ef13aaccf93a011
dabcba96-6149-4d93-ae1b-8df6ddcfb2a9\apks\com.google.android.deskclock.apk,a8fcf105669b3d7043d224aadb446cf8dea58ae7e1512173e2c2ca35f2b3eb1b
dabcba96-6149-4d93-ae1b-8df6ddcfb2a9\apks\com.google.android.dialer.apk,73475e19ff9e43421f4e8ca7680f496e0e3753e852a6e8880d3d877adba99252
dabcba96-6149-4d93-ae1b-8df6ddcfb2a9\apks\com.google.android.documentsui.apk,18db47dd055f11ad53be4d4bed10f5af6b64a99bccfcfe3f875732d28d6612fe
dabcba96-6149-4d93-ae1b-8df6ddcfb2a9\apks\com.google.android.ext.services.apk,f4ff734699e366500d083ee0c42cc36260f157fbc1bbfed94c408529a90a0b5c
dabcba96-6149-4d93-ae1b-8df6ddcfb2a9\apks\com.google.android.ext.shared.apk,adcc2cd7d300a3e1a09db51ce750f209cd204008e7f977eb3fb6c61a8f18a9d8
dabcba96-6149-4d93-ae1b-8df6ddcfb2a9\apks\com.google.android.feedback.apk,9ac3ecdeb54d8caf11efee93f32784d7ed306f1a6935f52ff68a627587dcce7e
dabcba96-6149-4d93-ae1b-8df6ddcfb2a9\apks\com.google.android.gm.apk,53c827886a94a5a41aaa8c72b1c2f0e8c06b08142c5cf50374ea018e79f3063b
dabcba96-6149-4d93-ae1b-8df6ddcfb2a9\apks\com.google.android.gms.apk,0e60d1524bfaa5b57df2ed8aa6ccb6fc32fc75c0b47a5555bbbaeef1cfcd3b08
dabcba96-6149-4d93-ae1b-8df6ddcfb2a9\apks\com.google.android.gms.supervision.apk,f40c569190909c1d520161d7f6b562d50c9f2137971697b0749c3d0ab1c2e66a
dabcba96-6149-4d93-ae1b-8df6ddcfb2a9\apks\com.google.android.googlequicksearchbox.apk,03694961b35e9e4f10ed70b0a80848f2685e41b361d268a352acba4c6bb72b40
dabcba96-6149-4d93-ae1b-8df6ddcfb2a9\apks\com.google.android.gsf.apk,171c4ae2ac66205a8a85e4e9c79b8345b3d99c132e7a42807408fa4122b5c242
dabcba96-6149-4d93-ae1b-8df6ddcfb2a9\apks\com.google.android.hotspot2.osulogin.apk,8845d9fa33a6b314d4a7897cee8d1e983fbe976810c8ec393bd32d21868ef1b0
dabcba96-6149-4d93-ae1b-8df6ddcfb2a9\apks\com.google.android.ims.apk,fe086e9a8f01af07dc66f7c18c7892cce02cbf988a498533287f287425ee1dd3
dabcba96-6149-4d93-ae1b-8df6ddcfb2a9\apks\com.google.android.inputmethod.latin.apk,04c18cf35bb5ada2b8c262dd5617863671b1f7155667fef93f2d7bac74bda506
dabcba96-6149-4d93-ae1b-8df6ddcfb2a9\apks\com.google.android.markup.apk,9b4993d9ff7b9895ce0cd7aa68b01f3ed23533ef323b47e07a8bd1d75458e25a
dabcba96-6149-4d93-ae1b-8df6ddcfb2a9\apks\com.google.android.marvin.talkback.apk,e4ccfe252b24f43d99f3acc7f7c7168207456b67b91b651b8499a196be773c99
dabcba96-6149-4d93-ae1b-8df6ddcfb2a9\apks\com.google.android.modulemetadata.apk,aad3f30643d1f515249ba7a4e459ec7173454894e5c9d78af410504432bc9623
dabcba96-6149-4d93-ae1b-8df6ddcfb2a9\apks\com.google.android.nearby.halfsheet.apk,2069a4540483d4d8f090c7b7b62314e8ceb5199a678600397b6ac810f4615a73
dabcba96-6149-4d93-ae1b-8df6ddcfb2a9\apks\com.google.android.networkstack.apk,6f981d274c609d706779da14990befc4e8fac5bca4b7ee6ed0ce41d9ade6bfaf
dabcba96-6149-4d93-ae1b-8df6ddcfb2a9\apks\com.google.android.networkstack.tethering.apk,9d0d747598001fc756b059dd6f2d788f399b07bf93af0d3166e9fbd580247a48
dabcba96-6149-4d93-ae1b-8df6ddcfb2a9\apks\com.google.android.networkstack.tethering.emulator.apk,e9f4b34b9375baa91d5477b7c8b9649aea968f95b0d546bd078e89cf3e1683a0
dabcba96-6149-4d93-ae1b-8df6ddcfb2a9\apks\com.google.android.odad.apk,a9f7ac2f01d01469e2b7ff3b3c6f641a20eb29dd0a020788ba6c158e9aaf9e70
dabcba96-6149-4d93-ae1b-8df6ddcfb2a9\apks\com.google.android.ondevicepersonalization.services.apk,2825e6b78761d425188e1cb16e849b569b61001f35f85eabb60ed2ba9488d12c
dabcba96-6149-4d93-ae1b-8df6ddcfb2a9\apks\com.google.android.onetimeinitializer.apk,4619574ccb289e6af6251fe1514a7f965cda58830cda8860ca40684547b942e6
dabcba96-6149-4d93-ae1b-8df6ddcfb2a9\apks\com.google.android.overlay.googleconfig.apk,871a4c90014887f57caf6bba8fd0fcfb437729ce58bdbcbcc2f44f4570275e47
dabcba96-6149-4d93-ae1b-8df6ddcfb2a9\apks\com.google.android.overlay.googlewebview.apk,5a993fbeba984751b2c67882308e8cc66f420a00f0a9f4703074bd28af14600c
dabcba96-6149-4d93-ae1b-8df6ddcfb2a9\apks\com.google.android.overlay.permissioncontroller.apk,0cc55ce71867cb50b9f7ef5a1cf1f9bfd71bee97c6269d6f3bfd6c391221d1cc
dabcba96-6149-4d93-ae1b-8df6ddcfb2a9\apks\com.google.android.overlay.pixelconfigcommon.apk,03ac10cdacad9aae31ff5760896feab1e802d2652cb7be780001d39d33b5e0a9
dabcba96-6149-4d93-ae1b-8df6ddcfb2a9\apks\com.google.android.packageinstaller.apk,e479d6270ecff141a18283f298ff24be4d3150eba76530d10a798b221953d78b
dabcba96-6149-4d93-ae1b-8df6ddcfb2a9\apks\com.google.android.partnersetup.apk,cb72fcd88871639978375437508daf8cb0ae532853fc596c620ed627968b05ee
dabcba96-6149-4d93-ae1b-8df6ddcfb2a9\apks\com.google.android.permissioncontroller.apk,cd026387acd5f9df4a0d6e17459140a04e9a065cce36964fae00fcb8b037ac2e
dabcba96-6149-4d93-ae1b-8df6ddcfb2a9\apks\com.google.android.printservice.recommendation.apk,60885c0a5837c01f011afd00cecb5132812434bffdcfa77ff16f6ff740d9b82e
dabcba96-6149-4d93-ae1b-8df6ddcfb2a9\apks\com.google.android.projection.gearhead.apk,953b56e4410f7952709a97dca4551e301a5c006a0b829aedc2c1e54ac13fc99c
dabcba96-6149-4d93-ae1b-8df6ddcfb2a9\apks\com.google.android.providers.media.module.apk,b2dc6eeef877f2d622c2dd92c281f7e2851c45b0aa66da1fe1f9a265f074744d
dabcba96-6149-4d93-ae1b-8df6ddcfb2a9\apks\com.google.android.safetycenter.resources.apk,d047394b658a4fc508b800ab3569fe6866dc4789b26806fee2d2cda17679fe0e
dabcba96-6149-4d93-ae1b-8df6ddcfb2a9\apks\com.google.android.sdksandbox.apk,fca8bbef79a4475024e6757a45bd947c07ad589296dcb53ba36f1bf3e88f7d7a
dabcba96-6149-4d93-ae1b-8df6ddcfb2a9\apks\com.google.android.sdksetup.apk,39e68f0cc77ddc0d8ffded32359e7d7f00b856578c78fa5f59c20ab46d989669
dabcba96-6149-4d93-ae1b-8df6ddcfb2a9\apks\com.google.android.settings.intelligence.apk,dcef0ee72cf4b457d5413c50d5029e553dcaa61261e51be647f633108e4aefd1
dabcba96-6149-4d93-ae1b-8df6ddcfb2a9\apks\com.google.android.setupwizard.apk,a7bc8ac8f5c434c69d51c936b22891acedf66ef47df22957ddaf963cdae6880c
dabcba96-6149-4d93-ae1b-8df6ddcfb2a9\apks\com.google.android.soundpicker.apk,5ba9e8427aa741b4ad24a03bbc79394c1986e2757f64ad0a007dcc5a52840156
dabcba96-6149-4d93-ae1b-8df6ddcfb2a9\apks\com.google.android.systemui.gxoverlay.apk,8252188037fabef6eb70d9d73f1189280394579b92a37758189a8129c30a1f95
dabcba96-6149-4d93-ae1b-8df6ddcfb2a9\apks\com.google.android.tag.apk,c4b5a1f7f8dd69453c501b5273a6984715cdcf692db107e33b026be1cebb88d0
dabcba96-6149-4d93-ae1b-8df6ddcfb2a9\apks\com.google.android.tts.apk,2530a833e025d80e055e34a55c497c5e57d77e37888605079f6c22329122c99c
dabcba96-6149-4d93-ae1b-8df6ddcfb2a9\apks\com.google.android.uwb.resources.apk,169eee5fb352de365fb7e6533c0145e86c29934d9620239a1d337fade586e689
dabcba96-6149-4d93-ae1b-8df6ddcfb2a9\apks\com.google.android.webview_com.google.android.webview-68UJo1CuwkKiEEoQOez41A.apk,e7a4d460b78805a2cb0f796d5ee22d96e3204ba9feddee9a5d18892678a654c8
dabcba96-6149-4d93-ae1b-8df6ddcfb2a9\apks\com.google.android.wifi.dialog.apk,056ba80ae5357ba3468b8035bccca175fbef295457a72b51b9d525dfad6d94d5
dabcba96-6149-4d93-ae1b-8df6ddcfb2a9\apks\com.google.android.wifi.resources.apk,e966c54561de6b51f32460ab8f7cd836dd2f552442f2c060c065bc97c80b4c04
dabcba96-6149-4d93-ae1b-8df6ddcfb2a9\apks\com.google.android.youtube.apk,6f424fe803e62235da8dd1adefeec3524d1de4b359c7fa4ffc595743597b9d5d
dabcba96-6149-4d93-ae1b-8df6ddcfb2a9\apks\com.google.mainline.adservices.apk,b69f2def188b8b819a25e9282b3127fa65ad55df39c524dce01cecbca593036a
dabcba96-6149-4d93-ae1b-8df6ddcfb2a9\apks\com.google.mainline.telemetry.apk,b83c15975eeec1b1c04fa61cb64484917a624f0cacd2b5e42e39d02318263fb3
dabcba96-6149-4d93-ae1b-8df6ddcfb2a9\backup.ab,a939640c5bcb55acbda21bd3150626771444e17c74d94829327712d8094c8dda
dabcba96-6149-4d93-ae1b-8df6ddcfb2a9\bugreport.zip,41ba75d8ce4422477b2869e2e764499a1ef26f98d2c1c1cddb2bb1832fff038f
dabcba96-6149-4d93-ae1b-8df6ddcfb2a9\command.log,e769a48fb303f9441868ac6b0eded5929ac52bbb738e8b8b4c297ee77d35d742
dabcba96-6149-4d93-ae1b-8df6ddcfb2a9\dumpsys.txt,c9f88730b60a03917292f813d2828171d19fa83722e01942ad9dbeb9cc49b5d4
dabcba96-6149-4d93-ae1b-8df6ddcfb2a9\env.txt,5b5a681040c7799730a4d2798c3593cb70e95dce8ffbe50a6e46b9df6152829d
dabcba96-6149-4d93-ae1b-8df6ddcfb2a9\files.json,c965bb31101497b917779c350c6f9c289dafb9c3efe6f64dbb3c2ab8e25b3855
dabcba96-6149-4d93-ae1b-8df6ddcfb2a9\getprop.txt,1cf60b1a394dd0348363008c2e73ed05a5453a014039baf8bc01bfd2175aedb8
dabcba96-6149-4d93-ae1b-8df6ddcfb2a9\hashes.csv,76b2aa20bedaeccb0272524ff88ffd054289bc5e940cf7f48ee65116c6abfe72
dabcba96-6149-4d93-ae1b-8df6ddcfb2a9\logcat.txt,eaed15ec84e29c64be22800d4783d74f31a23a7468646d1346cfe133482c223e
dabcba96-6149-4d93-ae1b-8df6ddcfb2a9\logs\data\anr\anr_2026-04-17-06-18-34-481,e3b0c44298fc1c149afbf4c8996fb92427ae41e4649b934ca495991b7852b855
dabcba96-6149-4d93-ae1b-8df6ddcfb2a9\mounts.json,5125a82a695da453b424a67fe21fde62310e311f8ce286beac4878c8b6d12489
dabcba96-6149-4d93-ae1b-8df6ddcfb2a9\packages.json,316bba720adf6de84d77e8f2cbb1a23e11ad55c37b22d23972904c727604be12
dabcba96-6149-4d93-ae1b-8df6ddcfb2a9\processes.txt,fc0638350ba98bc83fa50094d9cc0497d2ba1fc0e929b2e5a650e69b92accf5b
dabcba96-6149-4d93-ae1b-8df6ddcfb2a9\root_binaries.json,06d974d2ca7846a6958f9a53ef087c5f6e9e0ab0d8eb2a25471d8e5b68ae5d19
dabcba96-6149-4d93-ae1b-8df6ddcfb2a9\selinux.txt,1ca5672ae970bdc4f5b584898245b3d884e11deb6867e9563bdfbc8b82e8f62e
dabcba96-6149-4d93-ae1b-8df6ddcfb2a9\services.txt,2a4646ca3718354c5a6d08ce5e8de0e126006864bb481f82dca844e62df8b599
dabcba96-6149-4d93-ae1b-8df6ddcfb2a9\settings_global.txt,2a741f2e5ffcd6cc461784f7438b4372c83785916f6cfb51dfeaabf22e4de38b
dabcba96-6149-4d93-ae1b-8df6ddcfb2a9\settings_secure.txt,59f26d67c2b6da512d0c3424106d292bf95950b606a56e197036f2ee5503c9a4
dabcba96-6149-4d93-ae1b-8df6ddcfb2a9\settings_system.txt,43e8605cb677712843c12d570bc61bf8c6c185ab5ece318ba1fb87ba414198d8
